{
  "config_3p5r": {
    "throughput_time": {
      "mean": 155.89531981029583,
      "std": 45.89907215856139,
      "ci_lower": 134.41413967746197,
      "ci_upper": 177.3764999431297,
      "margin_of_error": 21.481180132833867,
      "n": 20
    },
    "or_blocking_probability": {
      "mean": 0.0027924145823642627,
      "std": 0.006973277379510522,
      "ci_lower": -0.0004711421838380506,
      "ci_upper": 0.006055971348566576,
      "margin_of_error": 0.0032635567662023133,
      "n": 20
    },
    "prep_queue_length": {
      "mean": 2.038125,
      "std": 2.71079249858685,
      "ci_lower": 0.7694496384651088,
      "ci_upper": 3.306800361534891,
      "margin_of_error": 1.2686753615348911,
      "n": 20
    },
    "num_replications": 20
  },
  "config_4p5r": {
    "throughput_time": {
      "mean": 153.96556410261326,
      "std": 56.63135721619168,
      "ci_lower": 127.46157767505835,
      "ci_upper": 180.46955053016816,
      "margin_of_error": 26.50398642755491,
      "n": 20
    },
    "or_blocking_probability": {
      "mean": 0.002729942013760631,
      "std": 0.005843899848149556,
      "ci_lower": -5.0558720937070485e-06,
      "ci_upper": 0.00546493989961497,
      "margin_of_error": 0.002734997885854338,
      "n": 20
    },
    "prep_queue_length": {
      "mean": 1.4937500000000001,
      "std": 2.4406457433918676,
      "ci_lower": 0.35150575869771195,
      "ci_upper": 2.6359942413022885,
      "margin_of_error": 1.1422442413022882,
      "n": 20
    },
    "num_replications": 20
  },
  "config_3p4r": {
    "throughput_time": {
      "mean": 160.03948405930257,
      "std": 49.22522921002949,
      "ci_lower": 137.00163239886453,
      "ci_upper": 183.0773357197406,
      "margin_of_error": 23.037851660438037,
      "n": 20
    },
    "or_blocking_probability": {
      "mean": 0.013173503580346847,
      "std": 0.01812225538335157,
      "ci_lower": 0.004692124458821818,
      "ci_upper": 0.021654882701871873,
      "margin_of_error": 0.008481379121525029,
      "n": 20
    },
    "prep_queue_length": {
      "mean": 2.261875,
      "std": 2.8405356327497553,
      "ci_lower": 0.9324786803959826,
      "ci_upper": 3.591271319604017,
      "margin_of_error": 1.3293963196040173,
      "n": 20
    },
    "num_replications": 20
  }
}