{
  "emergency_throughput": {
    "mean": 125.55287092784573,
    "margin": 19.506176366597252
  },
  "elective_throughput": {
    "mean": 170.14243501782286,
    "margin": 43.29517714423229
  },
  "or_blocking": {
    "mean": 0.0016046317480461168,
    "margin": 0.0036296770140803163
  }
}